Symbol,Series,Date,Prev Close,Open Price,High Price,Low Price,Last Price,Close Price,Average Price,Total Traded Quantity,Turnover,No. of Trades,Deliverable Qty,% Dly Qt to Traded Qty
SBIN,EQ,28-Aug-2017,280.3,282.1,282.1,279,279.3,279.35,280.12,"10505317.00",2942781638.75,82169,"4828195.00",45.96
SBIN,EQ,29-Aug-2017,279.35,278.45,280.85,276.05,276.35,277,278.35,10335964,2877033744.4,64945,3321889,32.14
SBIN,EQ,30-Aug-2017,277,278,279.25,276,276.65,276.6,277.8,7648702,2124785336.65,58622,2953915,38.62
SBIN,EQ,31-Aug-2017,276.6,276.85,279.5,274.2,278.5,277.75,276.43,14222467,3931452220.7,87936,7112949,50.01
SBIN,EQ,01-Sep-2017,277.75,277.65,280.4,276.6,278,277.85,278.5,8255209,2299058874.3,61280,2846987,34.49
SBIN,EQ,04-Sep-2017,277.85,278.95,279.6,276.4,277.45,277.75,277.9,7168751,1992182735.3,67583,2052403,28.63
SBIN,EQ,05-Sep-2017,277.75,278.1,279.5,275.95,276.6,276.55,277.38,9565430,2653233951.65,56970,4382097,45.81
SBIN,EQ,06-Sep-2017,276.55,275.95,276.65,273.65,274.1,274.25,275.27,7306781,2011361654.95,47511,2534312,34.68
SBIN,EQ,07-Sep-2017,274.25,275.4,276.9,273.1,273.95,274.2,274.88,16102724,4426251901.25,77717,6872588,42.68
SBIN,EQ,08-Sep-2017,274.2,274.9,275.4,271.1,271.5,271.8,272.77,7077895,1930656900,77658,2171115,30.67
SBIN,EQ,11-Sep-2017,271.8,272.6,273.5,269.55,270.6,270.95,270.88,14489224,3924827835.85,127745,7556492,52.15
SBIN,EQ,12-Sep-2017,270.95,272,275.65,270.5,273.6,273.45,273.53,8375133,2290866580,72215,2607816,31.14
SBIN,EQ,13-Sep-2017,273.45,274.95,276.6,272.5,272.95,273.4,274.99,10150073,2791130722.15,89709,4186902,41.25
SBIN,EQ,14-Sep-2017,273.4,273.4,275.6,272.3,274.4,274.2,274.15,8015217,2197409892.3,80904,2793797,34.86
SBIN,EQ,15-Sep-2017,274.2,270.75,274.5,269.9,271.5,271.5,271.89,18404860,5004129813.65,97545,13182349,71.62
SBIN,EQ,18-Sep-2017,271.5,273,274,269.45,270,270.4,271.37,17538678,4759523061.1,128488,11211759,63.93
SBIN,EQ,19-Sep-2017,270.4,270.45,270.8,266.45,267.65,267.8,268.27,14331316,3844593450.05,114834,7553472,52.71
SBIN,EQ,20-Sep-2017,267.8,268.15,272.05,267.45,269.5,270.05,270.21,12355806,3338721091.8,101846,5845817,47.31
SBIN,EQ,21-Sep-2017,270.05,269.75,271.4,267.35,268.65,268.5,268.71,8509419,2286580037.6,60720,3585924,42.14
SBIN,EQ,22-Sep-2017,268.5,267.25,267.4,261.1,262.1,261.85,263.68,12860892,3391164989.6,124767,5758774,44.78
SBIN,EQ,25-Sep-2017,261.85,261.5,261.8,254.4,258.5,258.75,257.73,13937050,3591952180.55,137073,6277888,45.04
SBIN,EQ,26-Sep-2017,258.75,258.5,259.65,256,258.15,258.25,258.04,11728345,3026336152.75,127233,5828674,49.7
SBIN,EQ,27-Sep-2017,258.25,259.9,259.9,249.5,250.25,250.4,253.11,17080769,4323244622.05,126995,7926854,46.41
SBIN,EQ,28-Sep-2017,250.4,250.25,253.55,249.5,252.95,252.55,252.07,17776419,4480970144.1,135758,9212768,51.83
SBIN,EQ,29-Sep-2017,252.55,254.7,255.5,253.05,254.25,253.85,254.15,10073641,2560175416.3,80549,5310316,52.71
SBIN,EQ,03-Oct-2017,253.85,256.4,256.4,250.6,251.4,251.3,252.02,10547836,2658278526.25,139806,4604407,43.65
SBIN,EQ,04-Oct-2017,251.3,251.65,254.65,251.35,253.35,253.2,252.62,14063896,3552850903.8,99377,7440295,52.9
SBIN,EQ,05-Oct-2017,253.2,253.7,254.1,249.2,252.1,251.6,251.02,13476692,3382944139.75,106049,5671974,42.09
SBIN,EQ,06-Oct-2017,251.6,252.15,257.9,252.1,257.2,256.75,255.82,11932139,3052528604.85,80790,3845684,32.23
SBIN,EQ,09-Oct-2017,256.75,256.8,258.6,254.25,256.8,256.85,256.69,8009211,2055914624.2,60044,2836608,35.42
SBIN,EQ,10-Oct-2017,256.85,256.85,258.2,255.7,257,256.95,256.85,9742878,2502437976.3,65449,5500982,56.46
SBIN,EQ,11-Oct-2017,256.95,257.15,258.45,250.45,251.2,251.75,253.6,14192548,3599290885.65,114209,6090263,42.91
SBIN,EQ,12-Oct-2017,251.75,252,252.95,248.5,250.65,251.2,250.53,13404759,3358287363.65,126202,6406726,47.79
SBIN,EQ,13-Oct-2017,251.2,251.1,255.35,250.2,252.1,252.1,253.25,15697555,3975405262.35,115906,7241201,46.13
SBIN,EQ,16-Oct-2017,252.1,254.6,254.7,250.1,252.05,252.05,252,12171830,3067313728.9,105858,5235819,43.02
SBIN,EQ,17-Oct-2017,252.05,252.05,254.7,250.65,251.35,251.15,252.36,13505216,3408204091.05,86288,6179816,45.76
SBIN,EQ,18-Oct-2017,251.15,246,247.8,242.55,244.5,243.75,245.12,20677891,5068621626.25,146946,9285060,44.9
SBIN,EQ,19-Oct-2017,243.75,243.8,245.25,241.15,242.2,242.75,243.59,3458869,842562150.25,39363,1835629,53.07
SBIN,EQ,23-Oct-2017,242.75,244,247,242.3,246.05,245.95,244.98,8901335,2180634639.95,88204,3167059,35.58
SBIN,EQ,24-Oct-2017,245.95,246,255.3,245.95,254.9,254.45,252.11,17197805,4335790478.25,135463,4966648,28.88
SBIN,EQ,25-Oct-2017,254.45,279.85,328.05,279.85,322.95,324.9,310.73,262677081,81621408662.1,1057768,133331056,50.76
SBIN,EQ,26-Oct-2017,324.9,330,351.3,317.5,318.3,320.5,330.14,112804243,37241709886.65,542013,38893620,34.48
SBIN,EQ,27-Oct-2017,320.5,320.25,323.6,310.1,310.6,311.05,315.48,27580765,8701224474.45,177962,10473830,37.98
SBIN,EQ,30-Oct-2017,311.05,312,322.35,310.6,313,312,315.25,28530254,8994082068,187294,10389630,36.42
SBIN,EQ,31-Oct-2017,312,313,313.85,304.3,306.55,305.8,307.68,16455750,5063097521.55,139865,5356308,32.55
SBIN,EQ,01-Nov-2017,305.8,309.4,321.45,309.4,320,319.85,316.86,34907283,11060595199.2,226705,14731872,42.2
SBIN,EQ,02-Nov-2017,319.85,320,323.15,313.55,314.2,314.35,317.72,23110527,7342692062.9,183541,8417244,36.42
SBIN,EQ,03-Nov-2017,314.35,315.45,327.5,312.6,326,325,319.18,26898400,8585344337.65,183843,10058343,37.39
SBIN,EQ,06-Nov-2017,325,323.6,330,321.45,328,329,326.72,17143407,5601152347.6,161421,5379386,31.38
SBIN,EQ,07-Nov-2017,329,328.95,331.7,315.5,317.25,317.2,322.81,21883541,7064201493.45,162616,6722381,30.72
SBIN,EQ,08-Nov-2017,317.2,318,319.3,306.65,312.55,309.55,313.02,20242447,6336197461.45,150364,7388244,36.5
SBIN,EQ,09-Nov-2017,309.55,313.15,318,308.2,315,313.7,313.1,21846178,6840145285.2,120438,6916405,31.66
SBIN,EQ,10-Nov-2017,313.7,315,338.5,309.5,333.8,333.55,326.34,82984969,27081614539.8,489176,15169850,18.28
SBIN,EQ,13-Nov-2017,333.55,336.75,344.8,329.75,331,331.05,338.44,38777555,13123700520.35,342551,8808313,22.71
SBIN,EQ,14-Nov-2017,331.05,330.35,334.7,327.5,329.05,329.1,330.05,25647162,8464814204.05,137383,9470319,36.93
SBIN,EQ,15-Nov-2017,329.1,328,331.15,322.25,326.1,324.95,327.04,17389606,5687161495.85,118502,3194898,18.37
SBIN,EQ,16-Nov-2017,324.95,327.4,334.2,323.65,333.95,333.4,329.22,22506014,7409445046.25,163172,5644390,25.08
SBIN,EQ,17-Nov-2017,333.4,345,346.7,336,336.7,337.5,340.78,26518142,9036726675.35,180583,6230076,23.49
SBIN,EQ,20-Nov-2017,337.5,337.1,337.15,331.25,332.75,333,333.99,13507662,4511359330.15,124910,3598378,26.64
SBIN,EQ,21-Nov-2017,333,335,335.4,330,330.3,330.65,332.14,14189920,4713040976.7,118174,5464783,38.51
SBIN,EQ,22-Nov-2017,330.65,330.85,339.65,327,335.5,335.3,334.19,22861716,7640063180.4,163585,5295076,23.16
SBIN,EQ,23-Nov-2017,335.3,335.5,336.65,331.65,335.95,334.95,334.41,13338423,4460474053.8,94231,2356413,17.67
SBIN,EQ,24-Nov-2017,334.95,336,337,331.5,332.1,332.4,334.43,11716981,3918485702.75,79929,3932294,33.56
SBIN,EQ,27-Nov-2017,332.4,329.9,337,328.05,336.8,335.65,332.25,13114683,4357369789.65,118956,4101695,31.28
SBIN,EQ,28-Nov-2017,335.65,336,336.7,331.2,331.9,332,333.41,16054996,5352952948.25,108251,6396037,39.84
SBIN,EQ,29-Nov-2017,332,332.35,334.85,327.2,327.8,328.9,331.35,11264624,3732558248.4,71675,4314954,38.31
SBIN,EQ,30-Nov-2017,328.9,325.8,326.5,318.5,321.3,320.35,322.59,27276288,8798983492.05,151417,15294423,56.07
SBIN,EQ,01-Dec-2017,320.35,321.5,322.3,311.25,312.9,312.75,317.75,16425620,5219265941.1,110747,4313778,26.26
SBIN,EQ,04-Dec-2017,312.75,314.7,315.95,311.15,314.25,313.6,313.63,13887727,4355623767.7,90256,4778993,34.41
SBIN,EQ,05-Dec-2017,313.6,312.5,320.7,308.8,320.4,319.1,314.7,15130931,4761730033.45,91857,2799259,18.5
SBIN,EQ,06-Dec-2017,319.1,316.7,317.4,311.5,312.2,312.4,314.2,18658202,5862351282.15,119881,6063591,32.5
SBIN,EQ,07-Dec-2017,312.4,312.5,317.75,312.45,316.25,316.4,315.75,12278558,3876897265.85,79509,3518090,28.65
SBIN,EQ,08-Dec-2017,316.4,316.6,318.85,312.1,313.2,313.1,314.65,16418832,5166222137.95,111096,5919024,36.05
SBIN,EQ,11-Dec-2017,313.1,315.95,319.3,315.1,318.05,318.4,317.56,14014369,4450430335.8,123100,5499869,39.24
SBIN,EQ,12-Dec-2017,318.4,317.75,320.5,314.65,318,318.45,317.6,17658856,5608382060.1,125783,7646507,43.3
SBIN,EQ,13-Dec-2017,318.45,316.15,318.95,311.15,313.35,313.3,316.11,17540585,5544832800.95,107381,6601721,37.64
SBIN,EQ,14-Dec-2017,313.3,314.3,315.4,309.5,313.85,314,312.71,13894451,4344972193.85,90600,3065146,22.06
SBIN,EQ,15-Dec-2017,314,318.4,319.35,311.5,312.35,312.25,314.57,16050711,5049119027.35,130277,7741179,48.23
SBIN,EQ,18-Dec-2017,312.25,308,323.5,300.4,318.7,318.9,316.92,32119915,10179411619.9,200523,6380013,19.86
SBIN,EQ,19-Dec-2017,318.9,319.45,322.25,318.4,320,319.8,320.1,14741481,4718805568.2,97283,5575603,37.82
SBIN,EQ,20-Dec-2017,319.8,319,319,316.5,317.35,317.5,317.75,9895770,3144362825.5,109485,4185704,42.3
SBIN,EQ,21-Dec-2017,317.5,316.6,318.2,315.4,316.3,316.75,316.89,9916409,3142430067.5,98974,4027410,40.61
SBIN,EQ,22-Dec-2017,316.75,317.1,323.85,316.5,319.1,319.85,320.59,13821639,4431084703.8,102536,4181369,30.25
SBIN,EQ,26-Dec-2017,319.85,318.6,319.95,316.3,317,317.15,317.39,9329690,2961127927.4,63313,4279106,45.87
SBIN,EQ,27-Dec-2017,317.15,316.5,320.3,313.05,313.45,314.85,316.25,14276027,4514749324.85,72884,5567092,39
SBIN,EQ,28-Dec-2017,314.85,315.3,316.5,307.65,308.3,308.4,310.67,20353152,6323020584.75,112379,10033866,49.3
SBIN,EQ,29-Dec-2017,308.4,310,312,309.05,310,309.9,310.39,11939569,3705904665.8,98011,5324051,44.59
SBIN,EQ,01-Jan-2018,309.9,310.6,312.75,306.3,306.75,307.1,309.08,12182400,3765314888.6,75769,5697288,46.77
SBIN,EQ,02-Jan-2018,307.1,309,309,301.35,303,303.25,304,14797364,4498328483.15,100195,5698196,38.51
SBIN,EQ,03-Jan-2018,303.25,305.3,306.45,302.15,302.8,302.85,304.32,13857373,4217070488.8,117207,6941140,50.09
SBIN,EQ,04-Jan-2018,302.85,304.5,310.2,303.15,309.25,308.5,307.63,24517099,7542211202.6,140513,10508054,42.86
SBIN,EQ,05-Jan-2018,308.5,311.4,311.4,305.6,307.25,306.35,308.05,14580575,4491543989.4,91829,4896408,33.58
SBIN,EQ,08-Jan-2018,306.35,307.2,309.5,305,306.05,305.8,306.58,13557197,4156338432.45,108289,7093201,52.32
SBIN,EQ,09-Jan-2018,305.8,307.5,309.5,303.3,303.9,304.3,305.88,15574755,4763934527.15,110914,6339261,40.7
SBIN,EQ,10-Jan-2018,304.3,304.65,305.85,300,301.05,301.1,302.25,13064599,3948825009.45,122547,5378392,41.17
SBIN,EQ,11-Jan-2018,301.1,300.9,303,300,302.15,302.2,301.97,12299087,3713982807.4,93067,5685528,46.23
SBIN,EQ,12-Jan-2018,302.2,304.65,304.65,300.55,302.5,302.25,302.54,17594228,5322941475.65,101812,10646451,60.51
SBIN,EQ,15-Jan-2018,302.25,303.95,305.25,301.55,302.4,302.6,303.54,18189668,5521232962.65,166873,9466500,52.04
SBIN,EQ,16-Jan-2018,302.6,302.4,303.35,295.3,297.2,296.15,299.15,18040940,5396948551.05,152490,8935321,49.53
SBIN,EQ,17-Jan-2018,296.15,296,308.4,292.6,308.1,307.1,302.54,26277307,7950009846.8,206178,9138976,34.78
SBIN,EQ,18-Jan-2018,307.1,315,317.8,300.5,304.8,303.25,309.57,40000111,12382743470.4,224468,16500702,41.25
SBIN,EQ,19-Jan-2018,303.25,303.95,310,302.5,308.8,309.25,307.18,18461642,5671084211.4,113020,6840931,37.05
SBIN,EQ,22-Jan-2018,309.25,308.35,308.75,304.05,306.3,306.5,306.55,12622645,3869442515.3,95105,5777289,45.77
SBIN,EQ,23-Jan-2018,306.5,306.4,320.55,306.35,318.55,318.1,313.81,35252217,11062384635.45,251611,16363848,46.42
SBIN,EQ,24-Jan-2018,318.1,317.7,331.6,316.2,330.45,329.9,323.97,38070520,12333761888.1,256952,9689477,25.45
SBIN,EQ,25-Jan-2018,329.9,332.75,332.75,311.85,311.9,313.15,317.75,42466150,13493553239.45,247996,10968155,25.83
SBIN,EQ,29-Jan-2018,313.15,313.15,316.9,311,313,312.1,313.59,23600898,7401009350.25,137291,9996472,42.36
SBIN,EQ,30-Jan-2018,312.1,312.05,318.85,311,313.5,313.55,314.86,25810404,8126695765.7,152647,9316567,36.1
SBIN,EQ,31-Jan-2018,313.55,313,316.6,307.85,314.5,313.25,312.32,16409938,5125207140.7,122582,4549979,27.73
SBIN,EQ,01-Feb-2018,313.25,316.9,317.4,305,305.4,306.05,310.67,19515991,6063026765.65,163804,6684417,34.25
SBIN,EQ,02-Feb-2018,306.05,302.9,305.75,295.5,295.8,297.35,300.07,23274673,6984012072.3,156709,7281514,31.29
SBIN,EQ,05-Feb-2018,297.35,292.65,300.4,290,299,298.05,295.64,18940578,5599667758.65,134857,5090174,26.87
SBIN,EQ,06-Feb-2018,298.05,285,297.3,282.9,294.6,291.75,289.73,30577218,8859222865.85,241764,14119757,46.18
SBIN,EQ,07-Feb-2018,291.75,296.6,297.9,290,292.1,292.8,293.38,21463818,6297080225.25,161931,7255476,33.8
SBIN,EQ,08-Feb-2018,292.8,292.9,303.3,292.55,302.25,301.4,298.6,18932796,5653382508.9,125388,5457942,28.83
SBIN,EQ,09-Feb-2018,301.4,297,300.6,295,295.4,296.4,297.71,15750824,4689107088.2,116844,4000394,25.4
SBIN,EQ,12-Feb-2018,296.4,288.25,292.4,285.15,290.1,288.75,289.3,50839665,14707862290.45,317117,20849303,41.01
SBIN,EQ,14-Feb-2018,288.75,288.7,288.7,275,275.5,276.2,280.99,45641149,12824620930.9,327073,23002842,50.4
SBIN,EQ,15-Feb-2018,276.2,274.8,282.3,274.25,279.1,278.7,279.14,26058237,7273787833.8,174992,5995020,23.01
SBIN,EQ,16-Feb-2018,278.7,280.5,281.2,270.05,271.4,271.65,273.95,30338112,8310986402.2,246246,13892054,45.79
SBIN,EQ,19-Feb-2018,271.65,271.5,272,256.65,269.6,268.5,263.87,43847791,11570187946.8,298814,14903513,33.99
SBIN,EQ,20-Feb-2018,268.5,269,274.2,264.8,269.5,269.65,269.54,33458021,9018342750.35,183760,8011451,23.94
SBIN,EQ,21-Feb-2018,269.65,272.2,274.1,267.4,273.15,273.3,271.18,23714454,6430819672.4,146297,7907009,33.34
SBIN,EQ,22-Feb-2018,273.3,270.4,273.6,269.45,272.5,272.6,272.38,25584062,6968689323.55,127523,12588526,49.2
SBIN,EQ,23-Feb-2018,272.6,273.45,277.2,272.5,276.4,276.05,275.6,15482147,4266815890.25,125599,5901999,38.12
SBIN,EQ,26-Feb-2018,276.05,280,280,273.85,274.3,274.45,275.75,15306032,4220575082.3,112427,4648573,30.37
SBIN,EQ,27-Feb-2018,274.45,273,275.9,265.95,267.7,267.6,269.55,20824909,5613362241.75,153426,5855629,28.12
SBIN,EQ,28-Feb-2018,267.6,264.25,269.7,260.8,267.95,268,266.14,26810799,7135336059.85,185589,10131488,37.79
SBIN,EQ,01-Mar-2018,268,266.3,270,261.25,262.2,262.15,264.62,22859175,6049016897.4,173004,7121896,31.16
SBIN,EQ,05-Mar-2018,262.15,260.45,265,258.75,263.15,263.5,262.51,18484565,4852294099.45,146913,4941066,26.73
SBIN,EQ,06-Mar-2018,263.5,265.85,266,255,255.35,256.55,261.43,20778164,5431995774.8,147230,6144299,29.57
SBIN,EQ,07-Mar-2018,256.55,255.05,255.35,246.05,246.7,246.65,248.97,31262500,7783271191.95,180424,11540402,36.91
SBIN,EQ,08-Mar-2018,246.65,247,257.95,244.3,256.65,256.8,251.48,33133336,8332437261.75,171219,7379164,22.27
SBIN,EQ,09-Mar-2018,256.8,257,257.4,251.65,253.65,253.25,253.89,21536191,5467877285.85,131269,4942046,22.95
SBIN,EQ,12-Mar-2018,253.25,254.1,255.25,247.25,253.55,252.85,250.26,25332474,6339809854.5,131673,9282597,36.64
SBIN,EQ,13-Mar-2018,252.85,251.3,262.4,249.6,254.1,254.7,257.1,37647221,9679284350.25,181837,9051093,24.04
SBIN,EQ,14-Mar-2018,254.7,252.5,257.85,250,257.8,257.05,253.76,25471485,6463746575,131180,5180196,20.34
SBIN,EQ,15-Mar-2018,257.05,257,258.8,252.55,253.25,253.7,255.63,18339890,4688276846.9,90568,4790127,26.12
SBIN,EQ,16-Mar-2018,253.7,250.65,255.7,250.1,252.7,252.3,253.17,25728297,6513583560.35,150302,8928872,34.7
SBIN,EQ,19-Mar-2018,252.3,252.9,253.6,246.1,247.9,247.95,248.8,18167594,4520035974.55,112744,5411024,29.78
SBIN,EQ,20-Mar-2018,247.95,246.85,252.25,245.35,250,249.1,249.43,20556571,5127356465,127033,5243145,25.51
SBIN,EQ,21-Mar-2018,249.1,251.75,254.3,247.1,247.45,248,251.2,19533972,4906986303.65,103548,5109329,26.16
SBIN,EQ,22-Mar-2018,248,247,247.35,240.65,241.5,241.55,243.47,26828240,6531830043.1,169794,9464888,35.28
SBIN,EQ,23-Mar-2018,241.55,237.8,239.65,232.35,234.7,234.8,234.77,27150262,6374113933.75,205532,10551407,38.86
SBIN,EQ,26-Mar-2018,234.8,234.75,247.85,234.25,247.2,246.5,241.69,30373940,7341009624.05,191534,8518273,28.04
SBIN,EQ,27-Mar-2018,246.5,250,255.5,248,253.4,254.35,252.05,31205051,7865111417.45,186644,8200394,26.28
SBIN,EQ,28-Mar-2018,254.35,252,256.2,248.7,249.25,249.9,251.61,36673566,9227549855.35,167989,14627534,39.89
SBIN,EQ,02-Apr-2018,249.9,251.8,252,244.9,246,246.15,247.21,14993188,3706522223.15,107701,2746163,18.32
SBIN,EQ,03-Apr-2018,246.15,249.55,252.8,248.25,250.95,250.5,250.35,19883309,4977777337.45,113047,3126786,15.73
SBIN,EQ,04-Apr-2018,250.5,251.7,253,245.5,246.7,247.3,249.33,18824449,4693472178,109181,5025914,26.7
SBIN,EQ,05-Apr-2018,247.3,252.6,261.9,250,260.8,259.3,255,22880821,5834535910.45,154532,6073885,26.55
SBIN,EQ,06-Apr-2018,259.3,259.65,261.45,254.85,258.75,259.7,258.38,24868860,6425622724.8,187342,5294380,21.29
SBIN,EQ,09-Apr-2018,259.7,260.65,262.75,257.6,259.85,260.65,260.74,20208874,5269269033.9,122085,3379791,16.72
SBIN,EQ,10-Apr-2018,260.65,261.1,265,258.5,263.15,263.3,261.62,21201141,5546737416.55,128190,5747671,27.11
SBIN,EQ,11-Apr-2018,263.3,263,263,256.3,257.4,257.05,258.33,14885838,3845480565.95,99011,3275288,22
SBIN,EQ,12-Apr-2018,257.05,257.5,257.5,252.25,253.9,253.8,254.2,18660913,4743665844.95,102493,5895247,31.59
SBIN,EQ,13-Apr-2018,253.8,254,255.95,249.7,250.8,250.95,252.57,25654020,6479417245.2,123494,9468922,36.91
SBIN,EQ,16-Apr-2018,250.95,249.35,251.3,247.1,249,249,249.11,16408377,4087502696.65,91738,5294767,32.27
SBIN,EQ,17-Apr-2018,249,251.4,252.5,246.6,248.15,248.15,249.5,15922452,3972609555.4,101479,2950065,18.53
SBIN,EQ,18-Apr-2018,248.15,249.5,249.9,245.3,247,246.45,247.67,16142387,3997987081.7,137163,4858565,30.1
SBIN,EQ,19-Apr-2018,246.45,247.1,248.45,245.2,246.7,246.15,246.67,13166927,3247907090.1,79014,4303771,32.69
SBIN,EQ,20-Apr-2018,246.15,245.85,245.85,239.5,241.85,241.2,241.56,15546939,3755498694.95,115151,4192843,26.97
SBIN,EQ,23-Apr-2018,241.2,241.9,244.85,239.3,242.4,242.45,242.55,12111837,2937773831.95,75286,1777265,14.67
SBIN,EQ,24-Apr-2018,242.45,242,243.4,239.6,240.7,240.6,241.32,9486349,2289252617.7,69116,2576677,27.16
SBIN,EQ,25-Apr-2018,240.6,239.7,240.75,236.75,237.5,237.2,238.78,13124853,3134016872.9,83988,4613328,35.15
SBIN,EQ,26-Apr-2018,237.2,238.4,238.8,232.5,233.25,233.2,234.73,24495144,5749736201.9,151982,13423891,54.8
SBIN,EQ,27-Apr-2018,233.2,233.25,245.8,233.25,243.2,242.6,242.46,31401889,7613775143.95,203123,9874140,31.44
SBIN,EQ,30-Apr-2018,242.6,244.8,249.7,244.5,246.05,246.4,247.11,17263193,4265822592.05,102753,2700671,15.64
SBIN,EQ,02-May-2018,246.4,245.9,246.3,239.75,241.2,241,242.08,12887066,3119704302.3,96574,4227660,32.81
SBIN,EQ,03-May-2018,241,240.95,243.4,238.75,241.6,241.9,241.21,12939642,3121136580.75,82594,2019303,15.61
SBIN,EQ,04-May-2018,241.9,243.5,243.9,240.35,241.75,241.95,242.15,12777310,3094082509.5,69129,3625601,28.38
SBIN,EQ,07-May-2018,241.95,242.45,248.2,242.05,247.2,246.5,245.59,15122614,3713934995.7,93517,4383629,28.99
SBIN,EQ,08-May-2018,246.5,248,252.6,244.6,250.3,250.05,249.25,23293920,5806000775.85,138529,7027660,30.17
SBIN,EQ,09-May-2018,250.05,249.8,249.8,246.3,248.1,248,247.83,11429823,2832630206,66742,2768055,24.22
SBIN,EQ,10-May-2018,248,248.25,250.2,246.3,247.1,247.95,247.98,13160967,3263722258.1,72818,3796691,28.85
SBIN,EQ,11-May-2018,247.95,247.6,251.6,246.05,250.8,250.35,248.66,11958589,2973624794.3,64606,3453778,28.88
SBIN,EQ,14-May-2018,250.35,249.95,255.8,248.15,252.4,253.6,253.57,18673849,4735131637.3,97405,6744179,36.12
SBIN,EQ,15-May-2018,253.6,253,257.45,245.9,246.55,248,252.61,18026861,4553828068.85,114730,4624572,25.65
SBIN,EQ,16-May-2018,248,245.5,248.7,240.6,242.9,243.1,244.2,17222004,4205592220.35,103543,3022936,17.55
SBIN,EQ,17-May-2018,243.1,244.2,246,241.15,242.55,242.7,244.1,11721064,2861108093.2,73063,2745560,23.42
SBIN,EQ,18-May-2018,242.7,243,244,237.85,239.6,238.85,240.29,11873041,2852923901.75,110146,3511677,29.58
SBIN,EQ,21-May-2018,238.85,243.55,245.75,240.3,244.5,244.45,243.18,18780730,4567025698.1,112369,3998617,21.29
SBIN,EQ,22-May-2018,244.45,243.65,259.7,241,255.7,253.9,250.57,68713602,17217750570.45,363023,14085733,20.5
SBIN,EQ,23-May-2018,253.9,254.65,269.75,254.3,263.45,263.2,265.25,71202072,18886291768.45,422897,19887271,27.93
SBIN,EQ,24-May-2018,263.2,263.85,269.7,260.65,268.8,268.5,266.17,34679642,9230555943.3,184520,9303234,26.83
SBIN,EQ,25-May-2018,268.5,267.8,268.4,262.55,267,266.95,265.26,22317308,5919849331.25,135789,5234947,23.46
SBIN,EQ,28-May-2018,266.95,267.4,274.2,266.05,271.95,272.05,270.84,18959368,5134879729.85,134180,4671985,24.64
SBIN,EQ,29-May-2018,272.05,270.5,270.95,262.8,263.65,264.3,266.1,16107543,4286244458.75,115411,4505039,27.97
SBIN,EQ,30-May-2018,264.3,260.5,268,259.95,266.95,267.15,264.32,19320209,5106785146.5,108400,4004967,20.73
SBIN,EQ,31-May-2018,267.15,266.85,274.8,263.15,270,269.55,267.78,31935892,8551910934.1,152047,15354442,48.08
SBIN,EQ,01-Jun-2018,269.55,269.25,269.8,264.6,267,266.7,266.65,16574717,4419690026,130807,5927689,35.76
SBIN,EQ,04-Jun-2018,266.7,268,268.35,261.3,263.2,263,264.38,12933824,3419501658.65,88328,3200230,24.74
SBIN,EQ,05-Jun-2018,263,260.9,265.25,260.9,263.25,263.55,263.48,14102731,3715720448.05,121807,3555671,25.21
SBIN,EQ,06-Jun-2018,263.55,263,271.4,262.2,270.25,270.15,267.41,18315171,4897656563.1,138946,3758104,20.52
SBIN,EQ,07-Jun-2018,270.15,271.05,272.9,268.4,269.55,269.65,270.87,18773700,5085315657.8,116128,3429321,18.27
SBIN,EQ,08-Jun-2018,269.65,268.95,273.9,267,273,273,270.5,14096549,3813112966.6,93897,1782413,12.64
SBIN,EQ,11-Jun-2018,273,273.3,278.4,273.15,273.6,274,276.37,18219428,5035305157.45,141047,5439236,29.85
SBIN,EQ,12-Jun-2018,274,274,284.4,274,284,282.85,279.19,31358021,8754912651.8,214059,12380631,39.48
SBIN,EQ,13-Jun-2018,282.85,284,289.65,283.65,287.3,287.7,287.25,26748300,7683432202.2,252647,7854743,29.37
SBIN,EQ,14-Jun-2018,287.7,286.55,286.55,281.3,282.85,282.6,282.97,18513730,5238798929.95,123178,5276486,28.5
SBIN,EQ,15-Jun-2018,282.6,282.75,283.45,276.6,277.85,277.45,279.23,16949917,4732905446.35,116041,5989701,35.34
SBIN,EQ,18-Jun-2018,277.45,278,279.75,275.45,276.6,276.85,277.04,13542420,3751802372.3,113699,5254296,38.8
SBIN,EQ,19-Jun-2018,276.85,276,276.7,269.75,272.5,272.6,273.05,20726975,5659492919.35,112990,8449618,40.77
SBIN,EQ,20-Jun-2018,272.6,273.2,274.75,271.1,273.2,273.3,273,14002946,3822759464.9,99962,4571626,32.65
SBIN,EQ,21-Jun-2018,273.3,274.75,274.75,268.1,268.8,268.65,270.59,12954943,3505449721,118737,4002946,30.9
SBIN,EQ,22-Jun-2018,268.65,269,273.7,265.75,273,273.05,270.13,20784133,5614420822.75,189076,7311479,35.18
SBIN,EQ,25-Jun-2018,273.05,271.85,273.15,267.2,268.5,268.45,270.3,10934401,2955598079.7,90277,2068518,18.92
SBIN,EQ,26-Jun-2018,268.45,267.25,271.2,265.4,267,267.4,268.27,16867009,4524935020.25,105136,4317527,25.6
SBIN,EQ,27-Jun-2018,267.4,267.35,267.35,261,261.05,261.7,263.58,16277655,4290453842.2,96681,5061636,31.1
SBIN,EQ,28-Jun-2018,261.7,260.4,262,255.7,257.6,257,258.17,21349738,5511935975.95,123640,6890828,32.28
SBIN,EQ,29-Jun-2018,257,258.25,263.45,258.2,259.2,259.35,260.91,16244724,4238478681.95,158728,5951231,36.63
SBIN,EQ,02-Jul-2018,259.35,258.95,261.75,254,260,258.85,257.62,21896701,5641044088.2,125980,6374311,29.11
SBIN,EQ,03-Jul-2018,258.85,259.6,260.9,256.4,258,257.5,258.07,16099030,4154623857.15,92458,4679539,29.07
SBIN,EQ,04-Jul-2018,257.5,255.75,258.35,254.5,257.4,257.45,256.66,14206935,3646328370.9,100359,3726446,26.23
SBIN,EQ,05-Jul-2018,257.45,257.9,258.7,255.15,256.6,256.45,256.98,11215032,2882060427.55,80185,3038238,27.09
SBIN,EQ,06-Jul-2018,256.45,256.1,260.8,255.55,256.55,257.2,258.29,16174019,4177593667.55,129539,5042058,31.17
SBIN,EQ,09-Jul-2018,257.2,258.2,262.4,257.95,261.35,261.55,260.67,13220744,3446188706.5,108471,3784529,28.63
SBIN,EQ,10-Jul-2018,261.55,263.85,265.75,262.4,263.2,263.75,264.4,11487165,3037245608.9,97898,3355053,29.21
SBIN,EQ,11-Jul-2018,263.75,262.65,262.65,257.9,259.05,259.1,259.68,12857179,3338775884.75,82878,4974654,38.69
SBIN,EQ,12-Jul-2018,259.1,261.4,264.5,261.15,262,262.75,263.07,10642215,2799695906.75,89222,2399069,22.54
SBIN,EQ,13-Jul-2018,262.75,262.1,262.4,256.8,257.35,257.75,258.26,11976239,3093017366.5,86192,3711434,30.99
SBIN,EQ,16-Jul-2018,257.75,257,257.5,251,251.1,251.6,253.33,8965623,2271251194.5,69096,3250945,36.26
SBIN,EQ,17-Jul-2018,251.6,250.7,259.85,250.45,258.95,259.05,254.84,16067598,4094594110.6,130839,4870511,30.31
SBIN,EQ,18-Jul-2018,259.05,260.1,262.5,256.15,260.5,259.55,259.11,17641125,4571016125.65,104122,6537811,37.06
SBIN,EQ,19-Jul-2018,259.55,259.4,263.5,256.2,260.3,260.2,260.67,9958284,2595782908.55,73048,1231666,12.37
SBIN,EQ,20-Jul-2018,260.2,259.9,263,258.55,262.7,261.5,261.28,6120163,1599087719.85,48921,946234,15.46
SBIN,EQ,23-Jul-2018,261.5,262,267.5,260.6,266.6,266.35,263.69,17013119,4486111462.45,90699,7155707,42.06
SBIN,EQ,24-Jul-2018,266.35,267.2,269.2,265.55,266.65,266.85,267.44,9320281,2492636063.3,90287,1631130,17.5
SBIN,EQ,25-Jul-2018,266.85,268,272.85,265.65,271.35,271.85,269.11,13099277,3525203615.45,102919,4435471,33.86
SBIN,EQ,26-Jul-2018,271.85,275.1,289.4,274.2,289.25,287.7,283.14,53496546,15147160236.8,310433,15500900,28.98
SBIN,EQ,27-Jul-2018,287.7,289.5,297,285.1,286.55,286.75,290.46,32175436,9345552307.45,220319,6849107,21.29
SBIN,EQ,30-Jul-2018,286.75,289.2,299.55,289.2,296.5,297.4,296.67,40949610,12148359327.55,268957,15254694,37.25
SBIN,EQ,31-Jul-2018,297.4,297,302.4,291.8,293.6,293.5,296.17,36510328,10813312086.1,254603,13992100,38.32
SBIN,EQ,01-Aug-2018,293.5,294.5,298,288.35,294.3,295.1,292.95,33885474,9926744009.1,181159,11549196,34.08
SBIN,EQ,02-Aug-2018,295.1,293,296.4,290.55,294,293.9,294.02,15665209,4605847684.3,104001,2823987,18.03
SBIN,EQ,03-Aug-2018,293.9,294.6,299.95,294.5,299.9,299.25,297.3,18254462,5427128722.8,114223,4928377,27
SBIN,EQ,06-Aug-2018,299.25,300.6,311.35,300.6,308.9,308.5,307.52,31576923,9710678524.4,204045,8478843,26.85
SBIN,EQ,07-Aug-2018,308.5,309.85,311.7,303.05,303.9,304.05,306.47,23929123,7333537261.1,128953,6871383,28.72
SBIN,EQ,08-Aug-2018,304.05,304.05,310.9,303.05,309.85,308.7,306.82,20498279,6289345452.95,117900,6214133,30.32
SBIN,EQ,09-Aug-2018,308.7,312.95,319.85,310.15,317.65,317.4,316.25,46464355,14694257497,243879,14228513,30.62
SBIN,EQ,10-Aug-2018,317.4,317.65,326.4,300.5,302.7,304.45,313.3,111510771,34935877724.25,565857,17764543,15.93
SBIN,EQ,13-Aug-2018,304.45,296,302.8,291.1,296.7,294.15,295.95,58127432,17203092198.15,256293,13052549,22.46
SBIN,EQ,14-Aug-2018,294.15,296.7,298.95,293.35,295,294.9,295.85,25294933,7483493517.25,156944,7986831,31.57
SBIN,EQ,16-Aug-2018,294.9,293.5,298.4,290.25,293,292.7,294.21,31083900,9145252870.5,150833,11025001,35.47
SBIN,EQ,17-Aug-2018,292.7,295,302.7,294.05,302.2,302.1,298.51,21931134,6546643266.8,157302,5240195,23.89
SBIN,EQ,20-Aug-2018,302.1,304.1,308.7,303.6,307.6,307.65,306.04,20240462,6194434181.05,188475,4637280,22.91
SBIN,EQ,21-Aug-2018,307.65,308.3,308.85,303.35,307.1,307,305.65,14139592,4321728675.4,115293,3375979,23.88
SBIN,EQ,23-Aug-2018,307,306.95,306.95,298.3,302.45,302.45,302.26,22721004,6867573579,163137,5791238,25.49
SBIN,EQ,24-Aug-2018,302.45,300.6,305.7,299,300.6,300.45,301.58,18869585,5690666054.85,167126,4307094,22.83

